{
  "generated_utc": "2026-02-13T12:10:19.719804+00:00",
  "cards": {
    "overall_status": "READY FOR MVP SHOWCASE",
    "walk_forward_pass": "PASS",
    "campaign_mean_pnl": 830.0943756622652,
    "campaign_mean_sharpe": 1.6061685749906551,
    "quant_strategy": "defensive_core__balanced",
    "robustness_score": 31.318772606418207,
    "sortino_ratio": 1.9603747779811975,
    "cvar_95_pct": 0.005138376579098861
  },
  "quant_top": [
    {
      "strategy": "volatility_brake__adaptive",
      "family": "volatility_brake",
      "variant": "adaptive",
      "budget": 5000.0,
      "total_pnl": 161680.48349199007,
      "sharpe_ratio": 1.8119758263322803,
      "sortino_ratio": 1.7494057379963701,
      "calmar_ratio": 222.1706214461281,
      "cvar_95_pct": 0.0065737877404776724,
      "ulcer_index": 0.015175897303960122,
      "profit_factor": 2.395904469369548,
      "positive_return_ratio": 0.33394097222222224,
      "max_drawdown": 2887.1500000000015,
      "max_drawdown_pct": 0.5774300000000003,
      "n_trades": 871.0,
      "pass_rate": 0.5,
      "hard_fail_windows": 2,
      "robustness_score": 40.85625548395403,
      "gate_pass": false
    },
    {
      "strategy": "defensive_core__balanced",
      "family": "inventory_defensive",
      "variant": "balanced",
      "budget": 5000.0,
      "total_pnl": 156058.94960447808,
      "sharpe_ratio": 1.7743785664825387,
      "sortino_ratio": 1.6428754042797993,
      "calmar_ratio": 178.7761293886103,
      "cvar_95_pct": 0.006874921206552158,
      "ulcer_index": 0.013445845154360498,
      "profit_factor": 2.37233397046662,
      "positive_return_ratio": 0.3394965277777778,
      "max_drawdown": 3839.981665442363,
      "max_drawdown_pct": 0.7679963330884726,
      "n_trades": 894.0,
      "pass_rate": 0.3333333333333333,
      "hard_fail_windows": 2,
      "robustness_score": 38.42589529541111,
      "gate_pass": false
    },
    {
      "strategy": "inventory_tight__adaptive",
      "family": "inventory_tight",
      "variant": "adaptive",
      "budget": 5000.0,
      "total_pnl": 148408.21387461058,
      "sharpe_ratio": 1.7696482740252129,
      "sortino_ratio": 1.9029726693581144,
      "calmar_ratio": 227.99797757153988,
      "cvar_95_pct": 0.006851086859581934,
      "ulcer_index": 0.012796266310198097,
      "profit_factor": 2.2165622471591186,
      "positive_return_ratio": 0.33463541666666663,
      "max_drawdown": 4178.765897333651,
      "max_drawdown_pct": 0.8357531794667302,
      "n_trades": 884.0,
      "pass_rate": 0.5,
      "hard_fail_windows": 2,
      "robustness_score": 37.292006978551605,
      "gate_pass": false
    },
    {
      "strategy": "trend_shield__balanced",
      "family": "trend_shield",
      "variant": "balanced",
      "budget": 5000.0,
      "total_pnl": 133687.74126533774,
      "sharpe_ratio": 1.7399896330476903,
      "sortino_ratio": 1.692247272778388,
      "calmar_ratio": 197.1571666262934,
      "cvar_95_pct": 0.007243928296847049,
      "ulcer_index": 0.014372130751240888,
      "profit_factor": 2.1171647067078956,
      "positive_return_ratio": 0.32925347222222223,
      "max_drawdown": 5429.780931204434,
      "max_drawdown_pct": 1.0859561862408869,
      "n_trades": 889.0,
      "pass_rate": 0.5,
      "hard_fail_windows": 1,
      "robustness_score": 35.36038994193634,
      "gate_pass": false
    },
    {
      "strategy": "spread_capture__conservative",
      "family": "spread_capture",
      "variant": "conservative",
      "budget": 5000.0,
      "total_pnl": 136845.2775754516,
      "sharpe_ratio": 1.7467547764635123,
      "sortino_ratio": 1.6854554601007696,
      "calmar_ratio": 187.7712825351654,
      "cvar_95_pct": 0.007509487643317388,
      "ulcer_index": 0.013766140460624698,
      "profit_factor": 2.1209971991089507,
      "positive_return_ratio": 0.334375,
      "max_drawdown": 4031.7920176119587,
      "max_drawdown_pct": 0.8063584035223917,
      "n_trades": 902.5,
      "pass_rate": 0.3333333333333333,
      "hard_fail_windows": 2,
      "robustness_score": 34.312271457875305,
      "gate_pass": false
    },
    {
      "strategy": "defensive_core__balanced",
      "family": "inventory_defensive",
      "variant": "balanced",
      "budget": 10000.0,
      "total_pnl": 155869.03961789273,
      "sharpe_ratio": 2.178321425244728,
      "sortino_ratio": 1.9603747779811975,
      "calmar_ratio": 133.52545084117827,
      "cvar_95_pct": 0.005138376579098861,
      "ulcer_index": 0.009507463846587388,
      "profit_factor": 2.37217104423471,
      "positive_return_ratio": 0.3394097222222222,
      "max_drawdown": 3839.981665442363,
      "max_drawdown_pct": 0.3839981665442363,
      "n_trades": 894.0,
      "pass_rate": 0.8333333333333334,
      "hard_fail_windows": 0,
      "robustness_score": 31.318772606418207,
      "gate_pass": true
    },
    {
      "strategy": "trend_shield__balanced",
      "family": "trend_shield",
      "variant": "balanced",
      "budget": 10000.0,
      "total_pnl": 143739.3414097895,
      "sharpe_ratio": 2.423296682245969,
      "sortino_ratio": 2.322492440609081,
      "calmar_ratio": 179.94896612067947,
      "cvar_95_pct": 0.00499990140591802,
      "ulcer_index": 0.008440032265682969,
      "profit_factor": 2.2275122259946603,
      "positive_return_ratio": 0.3364583333333333,
      "max_drawdown": 3716.6275035428407,
      "max_drawdown_pct": 0.3716627503542841,
      "n_trades": 893.5,
      "pass_rate": 1.0,
      "hard_fail_windows": 0,
      "robustness_score": 31.316080245572387,
      "gate_pass": true
    },
    {
      "strategy": "volatility_brake__adaptive",
      "family": "volatility_brake",
      "variant": "adaptive",
      "budget": 10000.0,
      "total_pnl": 171073.85669857654,
      "sharpe_ratio": 2.2831254308703293,
      "sortino_ratio": 2.1430584182094634,
      "calmar_ratio": 166.96803079447866,
      "cvar_95_pct": 0.0050028743895200916,
      "ulcer_index": 0.012057407909514008,
      "profit_factor": 2.5113620293401406,
      "positive_return_ratio": 0.33524305555555556,
      "max_drawdown": 2949.9970771856606,
      "max_drawdown_pct": 0.29499970771856604,
      "n_trades": 870.0,
      "pass_rate": 0.8333333333333334,
      "hard_fail_windows": 1,
      "robustness_score": 31.22345895200865,
      "gate_pass": false
    }
  ],
  "explored_strategies": [
    {
      "strategy_format": "balanced_mm",
      "cases": 3.0,
      "mean_pnl": 80872.76119489878,
      "mean_sharpe": 2.4602843080054484,
      "mean_drawdown_pct": 1.365477831818336,
      "pass_rate_40pct_dd": 0.0
    },
    {
      "strategy_format": "balanced_mm_relaxed",
      "cases": 3.0,
      "mean_pnl": 64939.19815496082,
      "mean_sharpe": 2.121730221631841,
      "mean_drawdown_pct": 1.071751290340153,
      "pass_rate_40pct_dd": 0.0
    },
    {
      "strategy_format": "conservative_mm",
      "cases": 3.0,
      "mean_pnl": 57481.23901869764,
      "mean_sharpe": 1.944692566244088,
      "mean_drawdown_pct": 2.8153794895389623,
      "pass_rate_40pct_dd": 0.0
    },
    {
      "strategy_format": "conservative_mm_relaxed",
      "cases": 3.0,
      "mean_pnl": 50140.850262209744,
      "mean_sharpe": 1.8477781472694907,
      "mean_drawdown_pct": 2.5447373491072556,
      "pass_rate_40pct_dd": 0.0
    },
    {
      "strategy_format": "enhanced_signal_mm",
      "cases": 3.0,
      "mean_pnl": 48040.558905459904,
      "mean_sharpe": 1.7803377416009611,
      "mean_drawdown_pct": 1.0326848054954436,
      "pass_rate_40pct_dd": 0.0
    },
    {
      "strategy_format": "enhanced_signal_mm_relaxed",
      "cases": 3.0,
      "mean_pnl": 43207.78944779225,
      "mean_sharpe": 1.5569771327187618,
      "mean_drawdown_pct": 1.7118880153314635,
      "pass_rate_40pct_dd": 0.0
    },
    {
      "strategy_format": "inventory_defensive_mm",
      "cases": 3.0,
      "mean_pnl": 72970.13957985591,
      "mean_sharpe": 2.162872676626057,
      "mean_drawdown_pct": 0.5897637142964299,