{
  "generated_utc": "2026-02-13T12:25:31.601497+00:00",
  "cards": {
    "overall_status": "READY FOR MVP SHOWCASE",
    "walk_forward_pass": "PASS",
    "campaign_mean_pnl": 83.88637886849774,
    "campaign_mean_sharpe": 1.0893489920730448,
    "quant_strategy": "volatility_brake__adaptive",
    "robustness_score": 19.790186139321456,
    "sortino_ratio": 2.8366907856140884,
    "total_return_pct": 0.02910589957974189,
    "cvar_95_pct": 6.071196630634449e-05
  },
  "quant_top": [
    {
      "strategy": "volatility_brake__adaptive",
      "family": "volatility_brake",
      "variant": "adaptive",
      "budget": 5000.0,
      "total_pnl": 145.52949789870945,
      "total_return_pct": 0.02910589957974189,
      "sharpe_ratio": 2.8092763753526055,
      "sortino_ratio": 2.8366907856140884,
      "calmar_ratio": 34.454868037245774,
      "cvar_95_pct": 6.071196630634449e-05,
      "ulcer_index": 0.00012625679374896737,
      "profit_factor": 1.96400910686437,
      "positive_return_ratio": 0.3872395833333333,
      "max_drawdown": 4.28436182546011,
      "max_drawdown_pct": 0.0008568723650920219,
      "n_trades": 936.5,
      "pass_rate": 1.0,
      "hard_fail_windows": 0,
      "robustness_score": 19.790186139321456,
      "gate_pass": true
    },
    {
      "strategy": "volatility_brake__adaptive",
      "family": "volatility_brake",
      "variant": "adaptive",
      "budget": 10000.0,
      "total_pnl": 291.05899579265315,
      "total_return_pct": 0.029105899579265314,
      "sharpe_ratio": 2.8092763753113905,
      "sortino_ratio": 2.8366907855547683,
      "calmar_ratio": 34.45486803672449,
      "cvar_95_pct": 6.071196630663246e-05,
      "ulcer_index": 0.00012625679375213432,
      "profit_factor": 1.9640091068439616,
      "positive_return_ratio": 0.3872395833333333,
      "max_drawdown": 8.568723650908396,
      "max_drawdown_pct": 0.0008568723650908396,
      "n_trades": 936.5,
      "pass_rate": 1.0,
      "hard_fail_windows": 0,
      "robustness_score": 19.790186139152482,
      "gate_pass": true
    },
    {
      "strategy": "volatility_brake__adaptive",
      "family": "volatility_brake",
      "variant": "adaptive",
      "budget": 15000.0,
      "total_pnl": 436.588493681772,
      "total_return_pct": 0.0291058995787848,
      "sharpe_ratio": 2.8092763752696794,
      "sortino_ratio": 2.836690785495162,
      "calmar_ratio": 34.454868036198604,
      "cvar_95_pct": 6.071196630692293e-05,
      "ulcer_index": 0.0001262567937553114,
      "profit_factor": 1.9640091068232364,
      "positive_return_ratio": 0.3872395833333333,
      "max_drawdown": 12.853085476344859,
      "max_drawdown_pct": 0.0008568723650896572,
      "n_trades": 936.5,
      "pass_rate": 1.0,
      "hard_fail_windows": 0,
      "robustness_score": 19.79018613898222,
      "gate_pass": true
    },
    {
      "strategy": "spread_capture__adaptive",
      "family": "spread_capture",
      "variant": "adaptive",
      "budget": 5000.0,
      "total_pnl": 158.6831743088519,
      "total_return_pct": 0.031736634861770384,
      "sharpe_ratio": 2.838827513018809,
      "sortino_ratio": 2.779653885052551,
      "calmar_ratio": 26.526481979009397,
      "cvar_95_pct": 6.713785669046712e-05,
      "ulcer_index": 0.00017171143209406534,
      "profit_factor": 1.967825953022741,
      "positive_return_ratio": 0.4365451388888889,
      "max_drawdown": 6.211882880445046,
      "max_drawdown_pct": 0.001242376576089009,
      "n_trades": 1519.5,
      "pass_rate": 1.0,
      "hard_fail_windows": 0,
      "robustness_score": 19.765616583049525,
      "gate_pass": true
    },
    {
      "strategy": "spread_capture__adaptive",
      "family": "spread_capture",
      "variant": "adaptive",
      "budget": 10000.0,
      "total_pnl": 317.3663486118385,
      "total_return_pct": 0.031736634861183846,
      "sharpe_ratio": 2.8388275129709033,
      "sortino_ratio": 2.7796538849829933,
      "calmar_ratio": 26.526481978045787,
      "cvar_95_pct": 6.713785669089348e-05,
      "ulcer_index": 0.0001717114321016149,
      "profit_factor": 1.9678259529976918,
      "positive_return_ratio": 0.4365451388888889,
      "max_drawdown": 12.423765761156574,
      "max_drawdown_pct": 0.0012423765761156575,
      "n_trades": 1519.5,
      "pass_rate": 1.0,
      "hard_fail_windows": 0,
      "robustness_score": 19.765616582851088,
      "gate_pass": true
    },
    {
      "strategy": "spread_capture__adaptive",
      "family": "spread_capture",
      "variant": "adaptive",
      "budget": 15000.0,
      "total_pnl": 476.0495229090602,
      "total_return_pct": 0.03173663486060401,
      "sharpe_ratio": 2.838827512922884,
      "sortino_ratio": 2.7796538849137047,
      "calmar_ratio": 26.526481977096854,
      "cvar_95_pct": 6.713785669131732e-05,
      "ulcer_index": 0.00017171143210903997,
      "profit_factor": 1.9678259529727453,
      "positive_return_ratio": 0.4365451388888889,
      "max_drawdown": 18.635648642128217,
      "max_drawdown_pct": 0.001242376576141881,
      "n_trades": 1519.5,
      "pass_rate": 1.0,
      "hard_fail_windows": 0,
      "robustness_score": 19.765616582653063,
      "gate_pass": true
    },
    {
      "strategy": "volatility_brake__conservative",
      "family": "volatility_brake",
      "variant": "conservative",
      "budget": 5000.0,
      "total_pnl": 112.73355727395165,
      "total_return_pct": 0.02254671145479033,
      "sharpe_ratio": 2.732811318907986,
      "sortino_ratio": 2.6719146046423656,
      "calmar_ratio": 32.161012798520375,
      "cvar_95_pct": 4.755971664332191e-05,
      "ulcer_index": 8.539685275157764e-05,
      "profit_factor": 2.0437378341181764,
      "positive_return_ratio": 0.3095486111111111,
      "max_drawdown": 3.599752780455219,
      "max_drawdown_pct": 0.0007199505560910439,
      "n_trades": 656.5,
      "pass_rate": 1.0,
      "hard_fail_windows": 0,
      "robustness_score": 19.381731701344666,
      "gate_pass": true
    },
    {
      "strategy": "volatility_brake__conservative",
      "family": "volatility_brake",
      "variant": "conservative",
      "budget": 10000.0,
      "total_pnl": 225.46711454392607,
      "total_return_pct": 0.022546711454392607,
      "sharpe_ratio": 2.7328113188741883,
      "sortino_ratio": 2.6719146045941273,
      "calmar_ratio": 32.16101279634827,
      "cvar_95_pct": 4.75597166433992e-05,
      "ulcer_index": 8.539685275512981e-05,
      "profit_factor": 2.0437378340974135,
      "positive_return_ratio": 0.3095486111111111,
      "max_drawdown": 7.19950556126696,
      "max_drawdown_pct": 0.000719950556126696,
      "n_trades": 656.5,
      "pass_rate": 1.0,
      "hard_fail_windows": 0,
      "robustness_score": 19.38173170120427,
      "gate_pass": true
    }
  ],
  "explored_strategies": [
    {
      "strategy_format": "balanced_mm",
      "cases": 3.0,
      "mean_pnl": 80872.76119489878,
      "mean_sharpe": 2.4602843080054484,
      "mean_drawdown_pct": 1.365477831818336,
      "pass_rate_40pct_dd": 0.0
    },
    {
      "strategy_format": "balanced_mm_relaxed",
      "cases": 3.0,
      "mean_pnl": 64939.19815496082,
      "mean_sharpe": 2.121730221631841,
      "mean_drawdown_pct": 1.071751290340153,
      "pass_rate_40pct_dd": 0.0
    },
    {
      "strategy_format": "conservative_mm",
      "cases": 3.0,
      "mean_pnl": 57481.23901869764,
      "mean_sharpe": 1.944692566244088,
      "mean_drawdown_pct": 2.8153794895389623,
      "pass_rate_40pct_dd": 0.0
    },
    {
      "strategy_format": "conservative_mm_relaxed",
      "cases": 3.0,
      "mean_pnl": 50140.850262209744,
      "mean_sharpe": 1.8477781472694907,
      "mean_drawdown_pct": 2.5447373491072556,
      "pass_rate_40pct_dd": 0.0
    },
    {
      "strategy_format": "enhanced_signal_mm",
      "cases": 3.0,
      "mean_pnl": 48040.558905459904,
      "mean_sharpe": 1.7803377416009611,
      "mean_drawdown_pct": 1.0326848054954436,